{
    "127Cd_run-001": {
        "degree": 3, 
        "isotopes": [
            "133Cs", 
            "127mCd"
        ], 
        "ratio": 0.9550133247439312, 
        "ratio_unc": 3.801971474619889e-08, 
        "red_chi_sq": 2.1779911429533776
    }, 
    "127Cd_run-002": {
        "degree": 3, 
        "isotopes": [
            "133Cs", 
            "127mCd"
        ], 
        "ratio": 0.9550112286714767, 
        "ratio_unc": 1.3437459845284209e-08, 
        "red_chi_sq": 0.553160385064264
    }
}